{"samples_correct":753,"_wandb":{"runtime":590},"accuracy":0.6559233449477352,"samples_total":1148,"_step":1147,"_timestamp":1.7670288046643531e+09,"samples":1148,"logs":["/Users/joyeechen/WelfareBenchmarkingRepo/prototyping_scripts/logs/2025-12-29T17-10-17+00-00_task_A8SZnK3yEm9hn6FcEkutic.eval"],"_runtime":590}