{"samples_correct":1138,"samples":1148,"_timestamp":1.7670373553047838e+09,"samples_total":1148,"_runtime":123,"_wandb":{"runtime":123},"_step":1147,"accuracy":0.9912891986062717,"logs":["/Users/joyeechen/WelfareBenchmarkingRepo/prototyping_scripts/logs/2025-12-29T19-40-33+00-00_task_Z94n9SSWDJnPGzgT49Hw2R.eval"]}