{"samples_total":1148,"samples_correct":981,"accuracy":0.8545296167247387,"_timestamp":1.7670383121342678e+09,"_step":1147,"samples":1148,"logs":["/Users/joyeechen/WelfareBenchmarkingRepo/prototyping_scripts/logs/2025-12-29T19-56-51+00-00_task_jw6rkappCZpzy5oiL4c27b.eval"],"_wandb":{"runtime":103},"_runtime":103}