{"logs":["/Users/joyeechen/WelfareBenchmarkingRepo/prototyping_scripts/logs/2025-12-29T16-57-28+00-00_task_ghmFdS92RQ5zwyfssU3dE9.eval"],"_step":1147,"samples_total":1148,"samples_correct":91,"_runtime":595,"_wandb":{"runtime":595},"accuracy":0.07926829268292683,"_timestamp":1.767028043729142e+09,"samples":1148}