{"samples_correct":966,"accuracy":0.8414634146341463,"_runtime":113,"_step":1147,"logs":["/Users/joyeechen/WelfareBenchmarkingRepo/prototyping_scripts/logs/2025-12-29T19-53-06+00-00_task_Kjo6c9ai5Y6soZuTJ2oWzd.eval"],"_wandb":{"runtime":113},"samples_total":1148,"_timestamp":1.767038098731916e+09,"samples":1148}