{"_runtime":1150,"accuracy":0.44947735191637633,"_wandb":{"runtime":1150},"_step":1147,"logs":["/Users/joyeechen/WelfareBenchmarkingRepo/prototyping_scripts/logs/2025-12-29T18-10-15+00-00_task_BdqjT8P8BbBbQ79qr79B5z.eval"],"samples":1148,"samples_correct":516,"_timestamp":1.767032963725313e+09,"samples_total":1148}